X1,X2,X3,X4,X5,X6,X7,X8,X9,X10,X11,X12
1,MQ.1.1,74,76,156,156,189,198,90,90,251,267
1,NQ.1.1,76,76,156,158,198,200,0,0,249,267
1,W.1.1,74,76,156,158,189,200,90,90,249,251
1,W.1.10,76,76,156,158,198,200,90,90,249,251
1,W.1.2,76,76,156,156,189,189,0,0,267,267
1,W.1.3,74,74,156,156,198,198,90,90,251,251
1,W.1.4,74,76,156,158,189,200,90,90,249,251
1,W.1.5,74,76,156,158,198,200,90,90,249,251
1,W.1.6,74,76,156,158,198,200,90,90,249,251
1,W.1.7,76,76,156,158,198,200,90,90,249,267
1,W.1.8,76,76,156,158,189,200,90,90,249,251
1,W.1.9,74,76,156,158,198,200,90,90,249,267
2,MQ.2.1,76,78,156,156,189,200,90,90,267,267
2,NQ.2.1,72,76,156,156,198,200,90,90,228,267
2,W.2.1,72,76,156,156,189,198,90,90,0,0
2,W.2.10,78,78,156,156,189,189,90,90,267,267
2,W.2.2,76,76,156,156,189,189,90,90,267,267
2,W.2.3,72,76,156,156,189,198,90,90,228,267
2,W.2.4,76,76,156,156,189,189,90,90,267,267
2,W.2.6,76,76,156,156,200,200,90,90,267,267
2,W.2.7,76,76,156,156,200,200,90,90,267,267
2,W.2.8,72,76,156,156,198,200,90,90,228,267
2,W.2.9,78,78,156,156,189,189,90,90,267,267
3,MQ.3.1,72,76,152,156,198,198,90,90,228,234
3,NQ.3.1,74,76,152,156,198,206,90,90,228,261
3,W.3.1,72,74,152,156,198,206,90,90,234,261
3,W.3.10,72,74,156,156,198,206,90,90,234,261
3,W.3.2,72,74,152,156,198,206,90,90,228,261
3,W.3.3,72,74,152,156,198,206,90,90,234,261
3,W.3.4,74,76,156,156,198,206,90,90,234,261
3,W.3.5,72,74,156,156,198,206,90,90,234,261
3,W.3.6,72,74,156,156,198,206,90,90,228,261
3,W.3.7,74,76,152,156,198,206,90,90,234,261
3,W.3.8,72,74,152,156,198,206,90,90,228,261
3,W.3.9,76,76,152,152,198,198,90,90,228,228
4,MQ.4.1,76,76,156,156,198,200,90,90,236,267
4,NQ.4.1,76,76,156,156,189,198,90,90,236,236
4,W.4.1,76,76,156,156,189,200,90,90,236,267
4,W.4.10,76,76,156,156,189,200,90,90,236,267
4,W.4.2,76,76,156,156,189,198,90,90,236,236
4,W.4.3,76,76,156,156,189,198,90,90,236,267
4,W.4.4,76,76,156,156,189,198,90,90,236,267
4,W.4.5,76,76,156,156,189,198,90,90,236,236
4,W.4.6,76,76,156,156,189,200,90,90,236,267
4,W.4.7,76,76,156,156,189,198,90,90,236,236
4,W.4.8,76,76,156,156,189,200,90,90,236,267
4,W.4.9,76,76,156,156,189,200,90,90,236,267
5,MQ.5.1,76,76,156,156,189,198,90,90,265,267
5,NQ.5.1,76,78,156,156,189,200,90,90,267,267
5,W.5.1,76,78,156,156,198,200,90,90,267,267
5,W.5.10,76,78,156,156,189,200,90,90,265,267
5,W.5.2,76,78,156,156,189,200,90,90,265,267
5,W.5.3,76,78,156,156,198,200,90,90,265,267
5,W.5.4,76,76,156,156,198,198,90,90,265,267
5,W.5.5,76,78,156,156,189,200,90,90,265,267
5,W.5.6,76,78,156,156,189,200,90,90,267,267
5,W.5.7,76,78,156,156,189,200,90,90,267,267
5,W.5.8,76,78,156,156,198,200,90,90,265,267
5,W.5.9,76,76,156,156,198,198,90,90,267,267
6,MQ.6.1,72,76,152,156,198,200,90,90,234,257
6,NQ.6.1,72,76,156,156,198,200,90,90,236,257
6,W.6.1,76,76,152,156,198,198,90,90,236,257
6,W.6.10,72,72,152,152,198,200,90,90,234,234
6,W.6.2,76,76,152,156,198,200,90,90,236,257
6,W.6.3,72,72,152,152,200,200,90,90,234,234
6,W.6.4,76,76,152,156,198,198,90,90,236,257
6,W.6.5,76,76,152,156,198,198,90,90,236,257
6,W.6.6,76,76,156,156,200,200,90,90,257,257
6,W.6.7,76,76,156,156,198,198,90,90,236,257
6,W.6.9,72,76,156,156,198,198,90,90,236,257
7,MQ.7.1,76,76,156,158,189,200,90,90,236,259
7,NQ.7.1,74,76,152,158,189,189,90,90,236,267
7,W.7.1,74,76,152,156,189,200,90,90,236,267
7,W.7.10,74,76,152,156,189,200,90,90,236,267
7,W.7.2,74,76,152,158,189,200,90,90,0,0
7,W.7.3,74,76,152,158,189,189,90,90,259,267
7,W.7.5,74,76,152,156,189,200,90,90,259,267
7,W.7.6,74,76,152,158,189,189,90,90,259,267
7,W.7.7,74,76,152,158,189,189,90,90,236,267
7,W.7.8,74,76,152,156,189,189,90,90,236,267
7,W.7.9,76,76,158,158,189,189,90,90,259,259
8,MQ.8.1,72,76,152,156,189,198,90,90,0,0
8,NQ.8.1,76,76,152,156,189,198,90,90,234,282
8,W.8.1,76,76,156,156,189,189,90,90,282,284
8,W.8.10,76,76,156,156,198,198,90,90,282,284
8,W.8.2,72,76,156,156,189,198,90,90,234,282
8,W.8.3,76,76,156,156,189,198,90,90,234,284
8,W.8.4,76,76,152,156,189,198,90,90,234,284
8,W.8.5,72,76,152,156,189,198,90,90,234,282
8,W.8.6,72,76,152,156,189,198,90,90,234,282
8,W.8.7,76,76,156,156,198,198,90,90,0,0
8,W.8.8,72,76,152,156,198,198,90,90,234,284
8,W.8.9,72,76,152,156,198,198,90,90,234,282
9,MQ.9.1,74,76,156,156,189,198,90,90,257,257
9,NQ.9.1,74,76,156,158,189,200,90,90,257,257
9,W.9.1,76,76,156,158,198,200,90,90,257,257
9,W.9.10,74,76,156,158,189,200,90,90,257,257
9,W.9.3,76,76,156,158,198,200,90,90,257,257
9,W.9.4,74,76,156,158,189,200,90,90,257,257
9,W.9.5,74,76,156,158,189,200,90,90,257,257
9,W.9.6,76,76,156,158,189,200,90,90,257,257
9,W.9.7,76,76,156,158,198,200,90,90,257,257
9,W.9.8,76,76,156,158,198,200,90,90,257,257
9,W.9.9,74,76,156,158,198,200,90,90,257,257
10,MQ.10.1,72,76,156,156,189,198,90,90,236,236
10,NQ.10.1,72,76,156,156,198,198,90,90,236,267
10,W.10.1,72,76,156,156,189,198,90,90,236,267
10,W.10.10,76,76,156,156,198,198,90,90,236,267
10,W.10.2,72,76,156,156,198,198,90,90,236,267
10,W.10.3,76,76,156,156,198,198,90,90,236,267
10,W.10.4,72,76,156,156,198,198,90,90,236,267
10,W.10.5,72,76,156,156,198,198,90,90,236,267
10,W.10.6,76,76,156,156,189,189,90,90,236,236
10,W.10.7,76,76,156,156,189,198,90,90,236,267
10,W.10.8,72,76,156,156,198,198,90,90,236,267
10,W.10.9,76,76,156,156,189,198,90,90,236,267
11,MQ.11.1,74,76,156,156,189,200,90,90,255,259
11,NQ.11.1,74,76,152,156,198,200,90,90,236,255
11,W.11.10,76,76,152,156,198,200,90,90,236,255
11,W.11.3,76,76,152,156,189,198,90,90,236,259
11,W.11.4,74,76,152,156,198,200,90,90,236,255
11,W.11.7,76,76,152,156,198,200,90,90,236,259
11,W.11.8,74,76,152,156,189,198,90,90,236,255
11,W.11.9,76,76,152,156,198,200,90,90,236,259
12,MQ.12.1,72,74,156,156,198,200,90,90,240,251
12,NQ.12.1,72,76,152,156,0,0,90,90,251,267
12,W.12.1,74,76,152,156,198,200,90,90,240,267
12,W.12.10,72,76,152,156,198,198,90,90,251,267
12,W.12.2,74,76,152,156,198,200,90,90,240,267
12,W.12.3,72,76,152,156,198,198,90,90,251,267
12,W.12.4,74,76,152,156,198,200,90,90,251,267
12,W.12.5,72,76,152,156,198,198,90,90,240,267
12,W.12.6,72,76,152,156,198,198,90,90,251,267
12,W.12.7,74,76,152,156,198,198,90,90,251,267
12,W.12.8,74,76,152,156,198,200,90,90,240,267
12,W.12.9,74,76,152,156,198,200,90,90,251,267
13,MQ.13.1,76,76,156,156,198,198,90,90,255,259
13,NQ.13.1,76,76,156,156,198,200,90,90,255,257
13,W.13.1,76,76,156,156,198,198,90,90,259,259
13,W.13.10,76,76,156,156,198,200,90,90,255,257
13,W.13.2,76,76,156,156,198,200,90,90,255,257
13,W.13.3,76,76,156,156,198,200,90,90,255,257
13,W.13.4,76,76,156,156,198,198,90,90,255,255
13,W.13.5,76,76,156,156,198,198,90,90,255,255
13,W.13.6,76,76,156,156,198,200,90,90,255,257
13,W.13.7,76,76,156,156,198,200,90,90,257,259
13,W.13.8,76,76,156,156,198,200,90,90,255,257
13,W.13.9,76,76,156,156,198,198,90,90,255,255
14,MQ.14.1,74,76,152,156,198,200,90,90,236,240
14,NQ.14.1,72,76,152,156,198,200,90,90,236,249
14,W.14.1,72,76,152,152,198,198,90,90,236,249
14,W.14.10,72,76,152,156,198,200,90,90,236,249
14,W.14.2,72,74,152,156,198,200,90,90,240,249
14,W.14.3,72,76,152,152,198,200,90,90,236,249
14,W.14.4,72,74,152,152,198,200,90,90,240,249
14,W.14.5,74,74,152,152,200,200,90,90,240,240
14,W.14.6,72,74,152,152,198,198,90,90,240,249
14,W.14.7,72,74,152,152,198,198,90,90,240,249
14,W.14.8,72,76,152,156,198,198,90,90,240,249
14,W.14.9,72,74,152,152,198,200,90,90,240,249
15,MQ.15.1,76,76,156,156,198,198,90,90,234,236
15,NQ.15.1,72,76,156,156,198,198,90,90,236,251
15,W.15.1,72,76,156,156,198,198,90,90,234,251
15,W.15.10,72,76,156,156,198,198,90,90,234,251
15,W.15.2,72,76,156,156,198,198,90,90,234,251
15,W.15.3,72,76,156,156,198,198,90,90,234,251
15,W.15.4,72,76,156,156,198,198,90,90,234,251
15,W.15.5,72,76,156,156,198,198,90,90,234,251
15,W.15.6,72,76,156,156,198,198,90,90,234,251
15,W.15.7,72,76,156,156,198,198,90,90,234,251
15,W.15.8,72,76,156,156,198,198,90,90,234,251
15,W.15.9,72,76,156,156,198,198,90,90,234,251
16,MQ.16.1,76,76,156,156,198,198,90,90,234,236
16,NQ.16.1,76,76,156,156,198,198,90,90,234,261
16,W.16.1,76,76,156,156,198,198,90,90,236,261
16,W.16.10,76,76,156,156,198,198,90,90,236,261
16,W.16.2,76,76,156,156,198,198,90,90,236,261
16,W.16.3,76,76,156,156,198,198,90,90,234,261
16,W.16.4,76,76,156,156,198,198,90,90,234,234
16,W.16.5,76,76,156,156,198,198,90,90,236,236
16,W.16.6,76,76,156,156,198,198,90,90,236,236
16,W.16.7,76,76,156,156,198,198,90,90,236,261
16,W.16.8,76,76,156,156,198,198,90,90,234,261
16,W.16.9,76,76,156,156,198,198,90,90,236,261
17,MQ.17.1,72,76,152,156,198,198,90,90,242,259
17,NQ.17.1,72,72,156,156,189,198,0,0,249,259
17,W.17.1,72,76,152,156,189,198,90,90,242,249
17,W.17.10,72,72,156,156,189,198,90,90,249,259
17,W.17.2,72,72,152,156,189,198,90,90,249,259
17,W.17.3,72,72,152,156,189,198,90,90,242,249
17,W.17.4,72,76,152,156,189,198,90,90,242,249
17,W.17.5,72,76,156,156,189,198,90,90,242,249
17,W.17.6,72,76,156,156,189,198,90,90,249,259
17,W.17.7,72,76,156,156,189,198,90,90,242,249
17,W.17.8,72,76,152,156,189,198,90,90,249,259
17,W.17.9,72,72,156,156,189,198,90,90,242,249
18,MQ.18.1,76,78,156,156,198,200,90,90,234,238
18,NQ.18.1,76,76,156,158,198,198,90,90,234,240
18,W.18.1,78,78,156,156,198,198,90,90,234,234
18,W.18.10,76,76,156,158,198,198,90,90,234,240
18,W.18.2,76,76,156,158,198,200,0,0,234,240
18,W.18.3,76,78,156,158,198,200,90,90,238,240
18,W.18.4,76,78,156,158,198,200,90,90,238,240
18,W.18.5,78,78,156,156,198,198,90,90,238,238
18,W.18.6,78,78,156,156,198,198,90,90,234,234
18,W.18.7,76,76,156,158,198,198,90,90,234,240
18,W.18.8,76,76,156,158,198,198,90,90,238,240
18,W.18.9,78,78,156,156,200,200,90,90,238,238
19,MQ.19.1,74,76,156,158,198,200,90,90,240,255
19,NQ.19.1,74,76,156,156,189,198,90,90,236,255
19,W.19.1,76,76,156,158,189,198,90,90,236,255
19,W.19.10,76,76,156,156,189,200,90,90,236,255
19,W.19.2,74,76,156,156,189,200,90,90,236,240
19,W.19.3,76,76,156,156,189,198,90,90,236,255
19,W.19.4,74,76,156,158,189,198,90,90,236,240
19,W.19.5,74,76,156,158,189,200,90,90,236,240
19,W.19.6,74,76,156,156,189,198,90,90,236,255
19,W.19.7,74,76,156,158,189,200,90,90,236,240
19,W.19.8,76,76,156,156,189,200,90,90,236,255
19,W.19.9,74,76,156,158,189,198,90,90,236,240
20,MQ.20.1,72,76,156,156,198,200,90,90,236,282
20,NQ.20.1,72,76,156,158,198,198,90,90,228,282
20,W.20.1,72,76,156,158,198,198,90,90,228,282
20,W.20.10,76,76,156,158,198,200,90,90,228,236
20,W.20.2,76,76,156,158,198,198,90,90,228,282
20,W.20.3,76,76,156,158,198,198,90,90,228,236
20,W.20.4,76,76,156,158,198,198,90,90,228,282
20,W.20.5,72,76,156,158,198,198,90,90,228,282
20,W.20.6,72,76,156,158,198,200,90,90,228,282
20,W.20.7,76,76,156,158,198,198,90,90,228,236
20,W.20.8,72,76,156,158,198,198,90,90,228,282
20,W.20.9,72,76,156,158,198,200,90,90,228,282
21,MQ.21.1,74,76,156,156,198,203,90,90,236,267
21,NQ.21.1,74,74,156,156,198,203,90,90,232,267
21,W.21.1,74,76,156,156,198,203,90,90,232,236
21,W.21.10,74,74,156,156,198,198,90,90,232,236
21,W.21.2,74,74,156,156,198,198,90,90,232,267
21,W.21.3,74,76,156,156,198,198,90,90,232,236
21,W.21.4,74,74,156,156,198,198,90,90,232,267
21,W.21.5,74,74,156,156,198,198,90,90,232,236
21,W.21.6,74,76,156,156,198,198,90,90,232,236
21,W.21.7,74,74,156,156,198,198,90,90,232,267
21,W.21.8,74,74,156,156,198,198,90,90,232,236
21,W.21.9,74,76,156,156,198,203,90,90,232,236
22,MQ.22.1,74,76,156,161,198,198,90,90,236,257
22,NQ.22.1,74,76,156,161,198,203,90,90,236,282
22,W.22.1,76,76,156,161,198,203,90,90,236,282
22,W.22.10,74,76,156,161,198,203,90,90,236,282
22,W.22.3,76,76,156,161,198,203,90,90,236,282
22,W.22.4,74,76,156,156,198,203,90,90,257,282
22,W.22.5,74,76,156,156,198,203,90,90,257,282
22,W.22.6,76,76,156,161,198,203,90,90,236,282
22,W.22.7,76,76,156,156,198,203,90,90,236,282
22,W.22.8,74,76,156,156,198,203,90,90,236,282
22,W.22.9,74,76,156,161,198,203,90,90,236,282
23,MQ.23.1,72,74,152,156,198,203,90,90,228,236
23,NQ.23.1,0,0,156,158,203,203,0,0,0,0
23,W.23.1,74,76,156,158,198,203,90,90,236,282
23,W.23.10,74,76,156,158,203,203,90,90,228,282
23,W.23.2,74,76,152,158,198,203,90,90,228,282
23,W.23.3,74,76,152,158,203,203,90,90,228,282
23,W.23.4,72,76,156,158,203,203,90,90,236,282
23,W.23.5,72,76,152,158,203,203,90,90,236,282
23,W.23.6,74,76,156,158,203,203,90,90,228,282
23,W.23.7,74,76,152,158,203,203,90,90,228,282
23,W.23.8,72,76,156,158,203,203,90,90,236,282
23,W.23.9,74,76,156,158,198,203,90,90,228,282
24,MQ.24.1,74,78,152,156,198,200,90,90,232,284
24,NQ.24.1,76,78,156,158,198,198,90,90,232,296
24,W.24.10,76,78,156,158,198,198,90,90,284,296
24,W.24.2,76,78,156,158,198,198,90,90,232,296
24,W.24.3,74,76,152,158,198,200,90,90,232,296
24,W.24.4,74,76,152,158,198,198,90,90,232,296
24,W.24.5,76,78,156,158,198,198,90,90,232,296
24,W.24.6,76,78,152,158,198,200,90,90,284,296
24,W.24.7,74,76,152,158,198,198,90,90,232,296
24,W.24.8,74,76,152,158,198,198,90,90,232,296
24,W.24.9,76,78,156,158,198,198,90,90,284,296
